{
  "Process parameters": {
    "ROI parameters": {
      "Step Size": 30,
      "Edge Options": {
        "Kernel Size": 11,
        "Width": 7,
        "Minimum Edge Strength": 100
      }
    },
    "Dust removal details": {	
      "Remove dust": true,
      "Dust removal data": {
        "Dilate data": {
          "Structuring Element": [
            [
              1,
              1,
              1
            ],
            [
              1,
              1,
              1
            ],
            [
              1,
              1,
              1
            ]
          ],
          "Number of iterations (1)": 1
        }
      }
    }
  },
  "LearningData": {
    "Angle info": {
      "Rising edge angles": [
        {
          "Edge angles": []
        },
        {
          "Edge angles": []
        },
        {
          "Edge angles": []
        },
        {
          "Edge angles": []
        },
        {
          "Edge angles": []
        },
        {
          "Edge angles": []
        },
        {
          "Edge angles": []
        },
        {
          "Edge angles": []
        },
        {
          "Edge angles": []
        },
        {
          "Edge angles": []
        },
        {
          "Edge angles": []
        },
        {
          "Edge angles": []
        },
        {
          "Edge angles": []
        },
        {
          "Edge angles": []
        },
        {
          "Edge angles": [
            324.400299072266,
            279.372375488281,
            234.318145751953,
            189.458282470703,
            144.437194824219,
            99.2616424560547,
            54.4788856506348,
            9.28866577148437
          ]
        },
        {
          "Edge angles": [
            326.895385742187,
            282.051971435547,
            237.041564941406,
            192.06999206543,
            147.006042480469,
            102.04810333252,
            57.0471801757812,
            12.0208568572998
          ]
        },
        {
          "Edge angles": [
            327.235412597656,
            282.351379394531,
            237.370742797852,
            192.367492675781,
            147.36653137207,
            102.356994628906,
            57.3585433959961,
            12.3538246154785
          ]
        },
        {
          "Edge angles": [
            357.301788330078,
            326.079040527344,
            281.099456787109,
            236.072463989258,
            235.656692504883,
            191.121505737305,
            146.088348388672,
            101.150131225586,
            56.0305671691895,
            11.0773725509644
          ]
        },
        {
          "Edge angles": [
            322.224609375,
            277.263061523437,
            232.266906738281,
            96.9264297485352,
            52.1167030334473,
            7.0297679901123
          ]
        },
        {
          "Edge angles": []
        },
        {
          "Edge angles": []
        },
        {
          "Edge angles": []
        },
        {
          "Edge angles": []
        },
        {
          "Edge angles": []
        },
        {
          "Edge angles": []
        },
        {
          "Edge angles": []
        },
        {
          "Edge angles": [
            356.580993652344,
            350.285400390625,
            343.951629638672,
            337.648742675781,
            331.336364746094,
            325.018524169922,
            318.682769775391,
            312.374877929687,
            306.072479248047,
            299.736083984375,
            293.472381591797,
            287.150207519531,
            280.842071533203,
            274.518615722656,
            268.132049560547,
            261.874053955078,
            255.57389831543,
            249.276123046875,
            242.950988769531,
            236.626129150391,
            230.316375732422,
            224.009521484375,
            217.691497802734,
            211.354400634766,
            205.051391601562,
            198.690399169922,
            192.434219360352,
            186.094833374023,
            179.817443847656,
            173.459350585937,
            167.09700012207,
            160.784790039062,
            154.460174560547,
            148.131072998047,
            141.806228637695,
            135.533996582031,
            129.205459594727,
            122.88826751709,
            116.551734924316,
            110.277313232422,
            103.954399108887,
            97.6321563720703,
            91.3005142211914,
            85.0173568725586,
            78.7136611938477,
            72.4176559448242,
            65.9640274047852,
            59.7506332397461,
            53.4320068359375,
            47.0834083557129,
            40.7917251586914,
            34.4904708862305,
            28.1646385192871,
            21.8694305419922,
            15.5414810180664,
            9.23899555206299,
            2.91985273361206
          ]
        },
        {
          "Edge angles": [
            357.503601074219,
            351.153137207031,
            344.838043212891,
            338.530242919922,
            332.213775634766,
            325.804443359375,
            319.578308105469,
            313.232299804687,
            306.929382324219,
            300.630798339844,
            294.340728759766,
            288.022430419922,
            281.704223632812,
            275.372924804687,
            269.070770263672,
            262.775390625,
            256.461090087891,
            250.142105102539,
            243.842529296875,
            237.526351928711,
            231.209899902344,
            224.886413574219,
            218.576263427734,
            212.259719848633,
            205.920074462891,
            199.605728149414,
            193.288345336914,
            186.989624023437,
            180.664932250977,
            174.360305786133,
            168.01432800293,
            161.702011108398,
            155.356353759766,
            149.047927856445,
            142.749420166016,
            136.419738769531,
            130.076354980469,
            123.773551940918,
            117.442108154297,
            111.155967712402,
            104.810249328613,
            98.5043487548828,
            92.1738510131836,
            85.8763427734375,
            79.5802307128906,
            73.2815170288086,
            66.9691772460937,
            60.6276359558105,
            54.3232078552246,
            48.033317565918,
            41.6980743408203,
            35.3965606689453,
            29.0492687225342,
            22.7510089874268,
            16.4389820098877,
            10.1209535598755,
            3.78556537628174
          ]
        }
      ],
      "Falling edge angles": [
        {
          "Edge angles": []
        },
        {
          "Edge angles": []
        },
        {
          "Edge angles": []
        },
        {
          "Edge angles": []
        },
        {
          "Edge angles": []
        },
        {
          "Edge angles": []
        },
        {
          "Edge angles": []
        },
        {
          "Edge angles": []
        },
        {
          "Edge angles": []
        },
        {
          "Edge angles": []
        },
        {
          "Edge angles": []
        },
        {
          "Edge angles": []
        },
        {
          "Edge angles": []
        },
        {
          "Edge angles": []
        },
        {
          "Edge angles": [
            358.702758789062,
            313.565093994141,
            268.674896240234,
            223.709197998047,
            178.547012329102,
            133.679336547852,
            88.6044769287109,
            43.5661277770996
          ]
        },
        {
          "Edge angles": [
            355.940277099609,
            310.967132568359,
            266.039123535156,
            221.030029296875,
            175.984603881836,
            130.972412109375,
            86.0030517578125,
            40.9485282897949
          ]
        },
        {
          "Edge angles": [
            355.591461181641,
            310.621246337891,
            265.676513671875,
            220.666702270508,
            175.675994873047,
            130.689849853516,
            85.7201995849609,
            40.6877632141113
          ]
        },
        {
          "Edge angles": [
            357.819305419922,
            357.139404296875,
            311.851318359375,
            266.956909179687,
            235.827880859375,
            221.940017700195,
            176.938232421875,
            131.885559082031,
            86.9477310180664,
            41.9368782043457
          ]
        },
        {
          "Edge angles": [
            315.703155517578,
            225.932678222656,
            180.753280639648,
            135.822326660156,
            46.085636138916,
            0.917163252830505
          ]
        },
        {
          "Edge angles": []
        },
        {
          "Edge angles": []
        },
        {
          "Edge angles": []
        },
        {
          "Edge angles": []
        },
        {
          "Edge angles": []
        },
        {
          "Edge angles": []
        },
        {
          "Edge angles": []
        },
        {
          "Edge angles": [
            354.022247314453,
            347.688781738281,
            341.403167724609,
            335.097625732422,
            328.770263671875,
            322.463989257812,
            316.158874511719,
            309.877227783203,
            303.534698486328,
            297.207489013672,
            290.927947998047,
            284.62744140625,
            278.261688232422,
            271.946166992187,
            265.650756835937,
            259.335205078125,
            253.013366699219,
            246.688720703125,
            240.379196166992,
            234.105987548828,
            227.78450012207,
            221.436111450195,
            215.109344482422,
            208.790222167969,
            202.475891113281,
            196.15852355957,
            189.913650512695,
            183.519866943359,
            177.202560424805,
            170.872848510742,
            164.551193237305,
            158.222747802734,
            151.914031982422,
            145.596862792969,
            139.297912597656,
            132.972518920898,
            126.629974365234,
            120.334358215332,
            114.022537231445,
            107.734519958496,
            101.387550354004,
            95.1166610717773,
            88.7843627929687,
            82.4580688476562,
            76.1354522705078,
            69.8561630249023,
            63.4702911376953,
            57.1417579650879,
            50.845458984375,
            44.5418739318848,
            38.2231407165527,
            31.949254989624,
            25.6262874603271,
            19.2948703765869,
            12.9893999099731,
            6.64598083496094,
            0.329355031251907
          ]
        },
        {
          "Edge angles": [
            359.452941894531,
            353.155517578125,
            346.822540283203,
            340.521545410156,
            334.201385498047,
            327.899536132812,
            321.591186523437,
            315.299255371094,
            308.968688964844,
            302.667572021484,
            296.337585449219,
            290.021728515625,
            283.705505371094,
            277.390045166016,
            271.082000732422,
            264.794555664062,
            258.463836669922,
            252.136123657227,
            245.826354980469,
            239.50602722168,
            233.208343505859,
            226.891067504883,
            220.534240722656,
            214.2158203125,
            207.898468017578,
            201.593627929687,
            195.261611938477,
            188.941009521484,
            182.621780395508,
            176.315582275391,
            169.995834350586,
            163.676742553711,
            157.34782409668,
            151.020324707031,
            144.708587646484,
            138.410781860352,
            132.129119873047,
            125.782814025879,
            119.454895019531,
            113.165634155273,
            106.87589263916,
            100.563743591309,
            94.2369842529297,
            87.9188537597656,
            81.5928192138672,
            75.274787902832,
            68.9562835693359,
            62.6239547729492,
            56.2903442382812,
            49.9479637145996,
            43.6364631652832,
            37.3409881591797,
            31.0324935913086,
            24.7061252593994,
            18.3848304748535,
            12.0639724731445,
            5.75024127960205
          ]
        }
      ]
    },
    "Center": {
      "X": 5341.77,
      "Y": 4601.92
    }
  }
}